"","pcl_1","pcl_2","pcl_3","pcl_4","pcl_5","pcl_6","pcl_7","pcl_8","pcl_9","pcl_10","pcl_11","pcl_12","pcl_13","pcl_14","pcl_15","pcl_16","pcl_17","pcl_18","pcl_19","pcl_20"
"Threshold1",-1.66128436309466,-0.577792321911059,-0.639294279550734,-1.07315447537295,-0.82072434392787,-1.15661617182921,-1.04506871827493,-0.14980780651709,-0.699087931549423,-0.582711031303221,-1.07698469990253,-0.609284564595184,-0.669748431357578,-0.368883666341512,-0.252449374882234,0.392217345774058,-0.883591982116458,-0.212303033811466,-0.470177556850092,-0.919798374045539
"Threshold2",-1.11368465573274,-0.196656579863147,-0.345766661523407,-0.632036673282495,-0.438628906687606,-0.644123963947309,-0.628851727548033,0.177750061912907,-0.405760935947582,-0.275006792440622,-0.694113166673453,-0.29866137513468,-0.26515817512541,-0.00531873785635473,0.0791250863567147,0.618278458738993,-0.409973726625516,0.128255886757023,-0.152715485317963,-0.622301884491602
"Threshold3",-0.387838698640937,0.421742423145661,0.154897623895931,-0.0527034140582673,0.0140711607870567,0.0491969098106787,0.00754414317987873,0.673167627376402,0.125374159346069,0.224714643552258,-0.132575084769155,0.146548378463236,0.301501937099792,0.500611674507881,0.440053393668314,1.02325752513826,0.25058890536151,0.561989696633256,0.370020795726917,-0.0918527697364421
"Threshold4",0.241511487128733,0.935327392320598,0.702796841474385,0.543816059469153,0.429697951327521,0.6228532330326,0.505057912191491,1.16941133476821,0.602635299497002,0.652915944324773,0.367832861699919,0.629615649780436,0.854876926198868,0.9891982863884,0.831380949386768,1.26252741370059,0.724519812378367,1.02663208766878,0.850775825438977,0.403392638995185
